action,asset,kept_or_target,mesh_name
deleted,Assets/Mesh/Bat_3.asset,Assets/Mesh/Bat_1.asset,Bat
deleted,Assets/Mesh/Death_1.asset,Assets/Mesh/Death_0.asset,Death
deleted,Assets/Mesh/Death_2.asset,Assets/Mesh/Death_0.asset,Death
deleted,Assets/Mesh/Death_3.asset,Assets/Mesh/Death_0.asset,Death
deleted,Assets/Mesh/Death_4.asset,Assets/Mesh/Death_0.asset,Death
deleted,Assets/Mesh/Egglet_1.asset,Assets/Mesh/Egglet_0.asset,Egglet
deleted,Assets/Mesh/Egglet_2.asset,Assets/Mesh/Egglet_0.asset,Egglet
deleted,Assets/Mesh/Egglet_3.asset,Assets/Mesh/Egglet_0.asset,Egglet
deleted,Assets/Mesh/Egglet_4.asset,Assets/Mesh/Egglet_0.asset,Egglet
deleted,Assets/Mesh/FXMesh_ShanDian_001_0.asset,Assets/Mesh/FXMesh_ShanDian_001.asset,FXMesh_ShanDian_001
deleted,Assets/Mesh/Fire_3.asset,Assets/Mesh/Fire_2.asset,Fire
deleted,Assets/Mesh/Fire_4.asset,Assets/Mesh/Fire_2.asset,Fire
deleted,Assets/Mesh/Gloom_1.asset,Assets/Mesh/Gloom_0.asset,Gloom
deleted,Assets/Mesh/Gloom_2.asset,Assets/Mesh/Gloom_0.asset,Gloom
deleted,Assets/Mesh/Gloom_3.asset,Assets/Mesh/Gloom_0.asset,Gloom
deleted,Assets/Mesh/Gloom_5.asset,Assets/Mesh/Gloom_0.asset,Gloom
deleted,Assets/Mesh/Hermit King_2.asset,Assets/Mesh/Hermit King_1.asset,Hermit King
deleted,Assets/Mesh/Hermit King_3.asset,Assets/Mesh/Hermit King_1.asset,Hermit King
deleted,Assets/Mesh/Hermit King_1_1.asset,Assets/Mesh/Hermit King_1.asset,Hermit King
deleted,Assets/Mesh/Mesh_Owl_1_1.asset,Assets/Mesh/Mesh_Owl_1.asset,Mesh_Owl
deleted,Assets/Mesh/Scorpling_3.asset,Assets/Mesh/Scorpling_0.asset,Scorpling
deleted,Assets/Mesh/Snake_1.asset,Assets/Mesh/Snake_0.asset,Snake
deleted,Assets/Mesh/Tata_Gun001_7.asset,Assets/Mesh/Tata_Gun001_5.asset,Tata_Gun001
deleted,Assets/Mesh/Tata_Gun001_8.asset,Assets/Mesh/Tata_Gun001_5.asset,Tata_Gun001
deleted,Assets/Mesh/Weapon_5.asset,Assets/Mesh/Weapon_0.asset,Weapon
deleted,Assets/Mesh/Weapon_GLFZZ_Skin05_Skin_0_1.asset,Assets/Mesh/Weapon_GLFZZ_Skin05_Skin_1.asset,Weapon_GLFZZ_Skin05_Skin
deleted,Assets/Mesh/Weapon_GLFZZ_Skin05_Skin_1_1.asset,Assets/Mesh/Weapon_GLFZZ_Skin05_Skin_1.asset,Weapon_GLFZZ_Skin05_Skin
ref-repaired (xoa tu truoc),Assets/Archangel_0.asset,Assets/Mesh/Archangel.asset,
ref-repaired (xoa tu truoc),Assets/Archangel_1.asset,Assets/Mesh/Archangel.asset,
ref-repaired (xoa tu truoc),Assets/Archangel_2.asset,Assets/Mesh/Archangel.asset,
ref-repaired (xoa tu truoc),Assets/Archangel_3.asset,Assets/Mesh/Archangel.asset,
ref-repaired (xoa tu truoc),Assets/Archangel_4.asset,Assets/Mesh/Archangel.asset,
ref-repaired (xoa tu truoc),Assets/Archangel_5.asset,Assets/Mesh/Archangel.asset,
ref-repaired (xoa tu truoc),Assets/BackA_0.asset,Assets/Mesh/BackA.asset,
ref-repaired (xoa tu truoc),Assets/Base_1.asset,Assets/Mesh/Base_1.asset,
ref-repaired (xoa tu truoc),Assets/Base_3.asset,Assets/Mesh/Base_1.asset,
ref-repaired (xoa tu truoc),Assets/Bomb_0.asset,Assets/Mesh/Bomb_1.asset,
ref-repaired (xoa tu truoc),Assets/Bomb_1.asset,Assets/Mesh/Bomb_1.asset,
ref-repaired (xoa tu truoc),Assets/Bomb_2.asset,Assets/Mesh/Bomb_1.asset,
ref-repaired (xoa tu truoc),Assets/Bomb_3.asset,Assets/Mesh/Bomb_1.asset,
ref-repaired (xoa tu truoc),Assets/Bomb_4.asset,Assets/Mesh/Bomb_1.asset,
ref-repaired (xoa tu truoc),Assets/Bud_0.asset,Assets/Mesh/Bud.asset,
ref-repaired (xoa tu truoc),Assets/Bud_1.asset,Assets/Mesh/Bud.asset,
ref-repaired (xoa tu truoc),Assets/Bud_2.asset,Assets/Mesh/Bud.asset,
ref-repaired (xoa tu truoc),Assets/Bud_3.asset,Assets/Mesh/Bud.asset,
ref-repaired (xoa tu truoc),Assets/Bud_4.asset,Assets/Mesh/Bud.asset,
ref-repaired (xoa tu truoc),Assets/Bumble_0.asset,Assets/Mesh/Bumble.asset,
ref-repaired (xoa tu truoc),Assets/Bumble_1.asset,Assets/Mesh/Bumble.asset,
ref-repaired (xoa tu truoc),Assets/Bumble_2.asset,Assets/Mesh/Bumble.asset,
ref-repaired (xoa tu truoc),Assets/Bumble_3.asset,Assets/Mesh/Bumble.asset,
ref-repaired (xoa tu truoc),Assets/Bumble_4.asset,Assets/Mesh/Bumble.asset,
ref-repaired (xoa tu truoc),Assets/Bumble_5.asset,Assets/Mesh/Bumble.asset,
ref-repaired (xoa tu truoc),Assets/Cactus_0.asset,Assets/Mesh/Cactus.asset,
ref-repaired (xoa tu truoc),Assets/Cactus_2.asset,Assets/Mesh/Cactus.asset,
ref-repaired (xoa tu truoc),Assets/Cactus_3.asset,Assets/Mesh/Cactus.asset,
ref-repaired (xoa tu truoc),Assets/Cactus_4.asset,Assets/Mesh/Cactus.asset,
ref-repaired (xoa tu truoc),Assets/Cactus_5.asset,Assets/Mesh/Cactus.asset,
ref-repaired (xoa tu truoc),Assets/Cat Bolt_0.asset,Assets/Mesh/Cat Bolt.asset,
ref-repaired (xoa tu truoc),Assets/Cat Bolt_1.asset,Assets/Mesh/Cat Bolt.asset,
ref-repaired (xoa tu truoc),Assets/Cat Bolt_2.asset,Assets/Mesh/Cat Bolt.asset,
ref-repaired (xoa tu truoc),Assets/Cat Bolt_3.asset,Assets/Mesh/Cat Bolt.asset,
ref-repaired (xoa tu truoc),Assets/Cat Bolt_4.asset,Assets/Mesh/Cat Bolt.asset,
ref-repaired (xoa tu truoc),Assets/Cat Bolt_5.asset,Assets/Mesh/Cat Bolt.asset,
ref-repaired (xoa tu truoc),Assets/Cat Bolt_7.asset,Assets/Mesh/Cat Bolt.asset,
ref-repaired (xoa tu truoc),Assets/Cat Lightning_0.asset,Assets/Mesh/Cat Lightning.asset,
ref-repaired (xoa tu truoc),Assets/Cat Lightning_1.asset,Assets/Mesh/Cat Lightning.asset,
ref-repaired (xoa tu truoc),Assets/Cat Lightning_2.asset,Assets/Mesh/Cat Lightning.asset,
ref-repaired (xoa tu truoc),Assets/Cat Lightning_3.asset,Assets/Mesh/Cat Lightning.asset,
ref-repaired (xoa tu truoc),Assets/Cat Lightning_5.asset,Assets/Mesh/Cat Lightning.asset,
ref-repaired (xoa tu truoc),Assets/Cat Meow_0.asset,Assets/Mesh/Cat Meow.asset,
ref-repaired (xoa tu truoc),Assets/Cat Meow_1.asset,Assets/Mesh/Cat Meow.asset,
ref-repaired (xoa tu truoc),Assets/Cat Meow_2.asset,Assets/Mesh/Cat Meow.asset,
ref-repaired (xoa tu truoc),Assets/Cat Meow_3.asset,Assets/Mesh/Cat Meow.asset,
ref-repaired (xoa tu truoc),Assets/Cat Meow_4.asset,Assets/Mesh/Cat Meow.asset,
ref-repaired (xoa tu truoc),Assets/Cat Meow_5.asset,Assets/Mesh/Cat Meow.asset,
ref-repaired (xoa tu truoc),Assets/Death Mage_0.asset,Assets/Mesh/Death Mage.asset,
ref-repaired (xoa tu truoc),Assets/Death Mage_1.asset,Assets/Mesh/Death Mage.asset,
ref-repaired (xoa tu truoc),Assets/Death Mage_2.asset,Assets/Mesh/Death Mage.asset,
ref-repaired (xoa tu truoc),Assets/Death Mage_3.asset,Assets/Mesh/Death Mage.asset,
ref-repaired (xoa tu truoc),Assets/Death Mage_4.asset,Assets/Mesh/Death Mage.asset,
ref-repaired (xoa tu truoc),Assets/Death Mage_5.asset,Assets/Mesh/Death Mage.asset,
ref-repaired (xoa tu truoc),Assets/Death Mage_6.asset,Assets/Mesh/Death Mage.asset,
ref-repaired (xoa tu truoc),Assets/Death Mage_7.asset,Assets/Mesh/Death Mage.asset,
ref-repaired (xoa tu truoc),Assets/Dragon_body_0.asset,Assets/Mesh/Dragon_body.asset,
ref-repaired (xoa tu truoc),Assets/Dragon_body_1.asset,Assets/Mesh/Dragon_body.asset,
ref-repaired (xoa tu truoc),Assets/Face_0.asset,Assets/Mesh/Face.asset,
ref-repaired (xoa tu truoc),Assets/Face_1.asset,Assets/Mesh/Face.asset,
ref-repaired (xoa tu truoc),Assets/Fire Demon_1.asset,Assets/Mesh/Fire Demon.asset,
ref-repaired (xoa tu truoc),Assets/Fire Demon_2.asset,Assets/Mesh/Fire Demon.asset,
ref-repaired (xoa tu truoc),Assets/Fire Demon_3.asset,Assets/Mesh/Fire Demon.asset,
ref-repaired (xoa tu truoc),Assets/Fire Demon_4.asset,Assets/Mesh/Fire Demon.asset,
ref-repaired (xoa tu truoc),Assets/Fire Demon_5.asset,Assets/Mesh/Fire Demon.asset,
ref-repaired (xoa tu truoc),Assets/Fire Demon_6.asset,Assets/Mesh/Fire Demon.asset,
ref-repaired (xoa tu truoc),Assets/Fire Demon_7.asset,Assets/Mesh/Fire Demon.asset,
ref-repaired (xoa tu truoc),Assets/Fire Demon_8.asset,Assets/Mesh/Fire Demon.asset,
ref-repaired (xoa tu truoc),Assets/Fire_0.asset,Assets/Mesh/Fire.asset,
ref-repaired (xoa tu truoc),Assets/Flame_0.asset,Assets/Mesh/Flame.asset,
ref-repaired (xoa tu truoc),Assets/Flame_1.asset,Assets/Mesh/Flame.asset,
ref-repaired (xoa tu truoc),Assets/Flame_2.asset,Assets/Mesh/Flame.asset,
ref-repaired (xoa tu truoc),Assets/Flame_3.asset,Assets/Mesh/Flame.asset,
ref-repaired (xoa tu truoc),Assets/Flame_5.asset,Assets/Mesh/Flame.asset,
ref-repaired (xoa tu truoc),Assets/Flame_6.asset,Assets/Mesh/Flame.asset,
ref-repaired (xoa tu truoc),Assets/Mesh/Bee Hive_0.asset,Assets/Mesh/Bee Hive.asset,
ref-repaired (xoa tu truoc),Assets/Mesh/Egg_0.asset,Assets/Mesh/Egg.asset,
restored from git,Assets/BackB.asset,Assets/Mesh/BackB.asset,
restored from git,Assets/BaoShi.asset,Assets/Mesh/BaoShi.asset,
restored from git,Assets/Base_2.asset,Assets/Mesh/Base_2.asset,
restored from git,Assets/Bat_0.asset,Assets/Mesh/Bat_0.asset,
restored from git,Assets/Bat_1.asset,Assets/Mesh/Bat_1.asset,
restored from git,Assets/Bat_2.asset,Assets/Mesh/Bat_2.asset,
restored from git,Assets/Bat_3.asset,Assets/Mesh/Bat_3.asset,
restored from git,Assets/Cactus_1.asset,Assets/Mesh/Cactus_1.asset,
restored from git,Assets/Cat Bolt_6.asset,Assets/Mesh/Cat Bolt_6.asset,
restored from git,Assets/Cat Lightning_4.asset,Assets/Mesh/Cat Lightning_4.asset,
restored from git,Assets/Death_0.asset,Assets/Mesh/Death_0.asset,
restored from git,Assets/Death_1.asset,Assets/Mesh/Death_1.asset,
restored from git,Assets/Death_2.asset,Assets/Mesh/Death_2.asset,
restored from git,Assets/Death_3.asset,Assets/Mesh/Death_3.asset,
restored from git,Assets/Death_4.asset,Assets/Mesh/Death_4.asset,
restored from git,Assets/Egglet_0.asset,Assets/Mesh/Egglet_0.asset,
restored from git,Assets/Egglet_1.asset,Assets/Mesh/Egglet_1.asset,
restored from git,Assets/Egglet_2.asset,Assets/Mesh/Egglet_2.asset,
restored from git,Assets/Egglet_3.asset,Assets/Mesh/Egglet_3.asset,
restored from git,Assets/Egglet_4.asset,Assets/Mesh/Egglet_4.asset,
restored from git,Assets/Fire Demon_0.asset,Assets/Mesh/Fire Demon_0.asset,
restored from git,Assets/Fire_1.asset,Assets/Mesh/Fire_1.asset,
restored from git,Assets/Fire_2.asset,Assets/Mesh/Fire_2.asset,
restored from git,Assets/Fire_3.asset,Assets/Mesh/Fire_3.asset,
restored from git,Assets/Fire_4.asset,Assets/Mesh/Fire_4.asset,
restored from git,Assets/Flame_4.asset,Assets/Mesh/Flame_4.asset,
